<?xml version="1.0"?>
<package>
    <name>Interface_Adminhtml_Default</name>
    <version>1.8.1.0</version>
    <stability>stable</stability>
    <license uri="http://opensource.org/licenses/afl-3.0.php">AFL v3.0</license>
    <channel>community</channel>
    <extends/>
    <summary>Default interface for Adminhtml</summary>
    <description>Default interface for Adminhtml</description>
    <notes>1.8.1.0</notes>
    <authors><author><name>Magento Core Team</name><user>core</user><email>core@magentocommerce.com</email></author></authors>
    <date>2013-11-22</date>
    <time>04:16:44</time>
    <contents><target name="magedesign"><dir name="adminhtml"><dir name="default"><dir name="default"><dir name="layout"><file name="admin.xml" hash="3f67b9113990f8a9fc5064aa8402b1aa"/><file name="adminnotification.xml" hash="7acc4e08b1547ebc77d738c167309e21"/><file name="api2.xml" hash="a6e09e431f0db34fc54af4c950cf0cba"/><file name="authorizenet.xml" hash="f52103446bbae8227fbf4f4a418b9672"/><file name="bundle.xml" hash="07895a0fe4f3c9c616beb61d4e41b058"/><file name="captcha.xml" hash="57b5f3f6049299f4f47b6272ed38b9f2"/><file name="catalog.xml" hash="9b39b8e3113e0f5ed54abf6593e76995"/><file name="cms.xml" hash="b11e70d2737be5b12a4df97cef693195"/><file name="connect.xml" hash="44f937e1cb116bb4e7a27630e32efb5c"/><file name="currencysymbol.xml" hash="f4332c65caa28d94cf6e39a0107778c7"/><file name="customer.xml" hash="05fa9913be68f1158b18879718b12863"/><file name="dataflow.xml" hash="ed30760c1bda416acdfff76807b9250f"/><file name="downloadable.xml" hash="438b29d90e20c3113c2e5a605c958c47"/><file name="giftmessage.xml" hash="cdbee9efa50093594cb18b4043dd2de5"/><file name="importexport.xml" hash="90833e5f738675aec4d5e3912a243339"/><file name="index.xml" hash="69ba9702acd908708c3e0ac2c9789947"/><file name="main.xml" hash="af6c63aa72fd857703688684306271d2"/><file name="newsletter.xml" hash="907890091132fbddb80360984f32b934"/><file name="oauth.xml" hash="e736d51346a6b4f686d9397d3a721b3d"/><file name="pagecache.xml" hash="fdbd061be983631ce18ebd9fe80ffb94"/><file name="promo.xml" hash="aaa5d244fe1d45d0832bb527e23767e4"/><file name="report.xml" hash="32221b083a21ab7544ece85e4056aae2"/><file name="rss.xml" hash="c7938ce9bc21736f3c1d5a2dcaadb3de"/><file name="sales.xml" hash="0eb2a9f3240dce7d23ae769b8c63a799"/><file name="search.xml" hash="394769515b5419ad9170a41f36a2ea50"/><file name="tag.xml" hash="ebe1533056c85a577d01f409ecd68d68"/><file name="tax.xml" hash="64e9b8b9a207bd1450bb617483cbf47c"/><file name="widget.xml" hash="f174dc0efed5552d90cab15fd55d1a91"/></dir><dir name="locale"><dir name="en_US"><file name="translate.csv" hash="735c9ec66d1309f1206294f075fdcdd1"/></dir></dir><dir name="template"><file name="access_denied.phtml" hash="92823795c6d1d3150f90e5af6975087c"/><dir name="api"><file name="role_users_grid_js.phtml" hash="4bbeb28571f69d12d2644e90969eaa81"/><file name="roleinfo.phtml" hash="a747b610ce1d303e6386699d6be4b124"/><file name="roles.phtml" hash="d68d22cfba21927ecbe95db6ae7cee43"/><file name="rolesedit.phtml" hash="bc311e31ae20a68f1c925d29378f614f"/><file name="rolesusers.phtml" hash="13ef3a4e3f2b9029145d77f5acb7cb7a"/><file name="user_roles_grid_js.phtml" hash="7fa8d6ebc419f401c8472cb5c5abccda"/><file name="userinfo.phtml" hash="ac60e8332ae54b118b3004ac50c5de5d"/><file name="usernroles.phtml" hash="9110a1d0be02818c12f0d76353e6b230"/><file name="userroles.phtml" hash="2d779269a168d467e1b23dcaaa67b898"/><file name="users.phtml" hash="686451dcc0db658e0f342de6cb651478"/></dir><dir name="api2"><dir name="attribute"><file name="buttons.phtml" hash="3e4b92069b79a54b637f2c4b1c02e13c"/><file name="resource.phtml" hash="d450e1316d17eb7396313f7ccf9948a4"/></dir><dir name="permissions"><dir name="user"><dir name="edit"><dir name="tab"><dir name="roles"><file name="js.phtml" hash="98c0ac357aec9f6a39662016f8bcfff6"/></dir></dir></dir></dir></dir><dir name="role"><file name="buttons.phtml" hash="40e580be13fa41b73ab57fe6a58943c9"/><file name="users_grid_js.phtml" hash="6da62e3a16a1676e7c0c34d756addfef"/></dir></dir><dir name="authorizenet"><dir name="directpost"><file name="iframe.phtml" hash="327f46f045aae43b5d3f5362ad9e2ab9"/><file name="info.phtml" hash="29180c7561a3d53e83cd20f72b8fb9d6"/></dir></dir><dir name="backup"><file name="dialogs.phtml" hash="fc0361f93157b9d6da56419ee5bf8a9f"/><file name="left.phtml" hash="7a2cb973a79adeb20e4b254a9124819b"/><file name="list.phtml" hash="42fa810cc9266b75ebea879e47bf3a45"/></dir><dir name="bundle"><dir name="product"><dir name="composite"><dir name="fieldset"><dir name="options"><file name="bundle.phtml" hash="89499fbf2db2bbdd1f5ee179b854586c"/><dir name="type"><file name="checkbox.phtml" hash="e8f0bfbb365b2f6712f60026c9ce1b18"/><file name="multi.phtml" hash="0988351a515671f9aaa2b792d75c59bb"/><file name="radio.phtml" hash="6234abd48de61d70d1f35db13f689c7b"/><file name="select.phtml" hash="7724c1cf48980f85c6d4599a666cc095"/></dir></dir></dir></dir><dir name="edit"><dir name="bundle"><dir name="option"><file name="search.phtml" hash="a01bc3290a390209ecf388864ce8a2b7"/><file name="selection.phtml" hash="073848dfe3e5e5346cdd226a1cfb8c5f"/></dir><file name="option.phtml" hash="e7063e7b8018a893d4d37edce62b716c"/></dir><file name="bundle.phtml" hash="f9f28eb3f4688403ea4798fc289508a3"/></dir></dir><dir name="sales"><dir name="creditmemo"><dir name="create"><dir name="items"><file name="renderer.phtml" hash="2a37ff6a45afff543b64d4218c1f9733"/></dir></dir><dir name="view"><dir name="items"><file name="renderer.phtml" hash="304e3ef931e741be4c8a7670a3b66c72"/></dir></dir></dir><dir name="invoice"><dir name="create"><dir name="items"><file name="renderer.phtml" hash="a0ef0a7d9921336401eefae27771c008"/></dir></dir><dir name="view"><dir name="items"><file name="renderer.phtml" hash="285a43858c4c4109a83ffa7df5d3d49b"/></dir></dir></dir><dir name="order"><dir name="view"><dir name="items"><file name="renderer.phtml" hash="2ebfb46b876adab7d09ec84451e8bce2"/></dir></dir></dir><dir name="shipment"><dir name="create"><dir name="items"><file name="renderer.phtml" hash="9a40c0e11713e9ccd595aefdda832106"/></dir></dir><dir name="view"><dir name="items"><file name="renderer.phtml" hash="2784e8c94ea6a46c0145f74f9068e198"/></dir></dir></dir></dir></dir><dir name="captcha"><file name="zend.phtml" hash="fdb5192f0165fbd73020be831773b02f"/></dir><dir name="catalog"><dir name="category"><dir name="checkboxes"><file name="tree.phtml" hash="93341321e660e9315740b668b81b18b1"/></dir><dir name="edit"><file name="form.phtml" hash="64ae6507e31ef4be089c5073d6da8752"/></dir><file name="edit.phtml" hash="3e0737975a3f17b3b7a3a7d37fa346df"/><file name="tree.phtml" hash="a07f8c23d31ecee9b462fc8c10a7477c"/><dir name="widget"><file name="tree.phtml" hash="98c813f4f07624c2c5a6110f51b719cf"/></dir></dir><dir name="form"><dir name="renderer"><dir name="fieldset"><file name="element.phtml" hash="e8d0c3368acc77795b4b7b9c342caa03"/></dir></dir></dir><dir name="product"><dir name="attribute"><file name="js.phtml" hash="02e26715029a70679052ed6d2fa106d3"/><dir name="new"><file name="created.phtml" hash="151a091138128d99742f55d7c1b2110a"/></dir><file name="options.phtml" hash="da86ae5cf4a436ec0d249820dced47ed"/><dir name="set"><dir name="main"><dir name="tree"><file name="attribute.phtml" hash="7a98412b5e02a2337962f1cba1c0926f"/><file name="group.phtml" hash="7327296a5910e134bb27d921ba6faef9"/></dir></dir><file name="main.phtml" hash="000a4dbe286f9d1c197db26e06f96a92"/><dir name="toolbar"><file name="add.phtml" hash="f923b1a243a99ab1e1421016dfece85e"/><file name="main.phtml" hash="69135d84b55225c318764deb86911eb8"/></dir></dir></dir><dir name="composite"><file name="configure.phtml" hash="4691e35f72bc805b4a78cdb10d1b30aa"/><dir name="fieldset"><file name="configurable.phtml" hash="356bc1bda51444b3e689d75050c2546d"/><file name="grouped.phtml" hash="f1916f58ec361a017c66dabbcf828fb3"/><dir name="options"><file name="js.phtml" hash="dddc183fd7c1f9aef5f8956396168371"/><dir name="type"><file name="date.phtml" hash="751dd58c82ff3711b219a359fbbd7dc5"/><file name="default.phtml" hash="9d47d54a3b46055de7dd7d1bc159982d"/><file name="file.phtml" hash="79e6110614250e705ebc245c73b70953"/><file name="select.phtml" hash="dcb71b5942bc011ddc8bab0f143c97b1"/><file name="text.phtml" hash="711bb7e26fd1c912900b3bfd2fe4312e"/></dir></dir><file name="options.phtml" hash="291db960eefe6bc4ee11083cddc7f49b"/><file name="qty.phtml" hash="b2ecd8770549f70510c096155876b2dd"/></dir></dir><file name="created.phtml" hash="7ad824b374c094fce2694f639bbdff07"/><dir name="edit"><dir name="action"><file name="attribute.phtml" hash="135122ecde9c695a82d48c6bb12c58b8"/><file name="inventory.phtml" hash="0a6c1e7c27ec448cddd3c5ed39381976"/><file name="websites.phtml" hash="e70bdd8f8bb4d2837e8e3703dc6a6d8a"/></dir><file name="categories.phtml" hash="1c7e89cbb3b26bdf5e73a0129a02461d"/><dir name="options"><file name="option.phtml" hash="fa1a16330d836f2c726de65f8f83f3bd"/><dir name="type"><file name="date.phtml" hash="fe4dfbe4467eba7efba074e2bee082f6"/><file name="file.phtml" hash="0597a3a119484f1fe6e15985965ac12c"/><file name="select.phtml" hash="259b6fcd60668b02018544edfed0d434"/><file name="text.phtml" hash="99241a0b273953e8e7e5da01f11416af"/></dir></dir><file name="options.phtml" hash="1c83a9b7f656ef0db5350eea9a9921e0"/><dir name="price"><file name="group.phtml" hash="3772ae5ab7ccc1d48017d6c8111cc82e"/><file name="tier.phtml" hash="190db4bba7240e419566d0f4d9ed77f6"/></dir><file name="serializer.phtml" hash="c8277b360460b86e31d49723cb0a2e35"/><dir name="super"><file name="config.phtml" hash="c9d89d1db17c73a6602fb2d2c2a383a0"/></dir><file name="websites.phtml" hash="8828fcb86ab18e113744dbfa7f581e63"/></dir><file name="edit.phtml" hash="f0615d0ba774625beb4de2c4f8e20c39"/><dir name="helper"><file name="gallery.phtml" hash="5bf320f5189fc4b430b842ff5b4de94b"/></dir><file name="js.phtml" hash="0584d9fe8ec9fa4f2aeff8a754b4eda0"/><file name="price.phtml" hash="63805b0ca7598b1261f02cd8676e45c5"/><dir name="tab"><file name="alert.phtml" hash="a5568acabd6f3cfb28977390840646a5"/><file name="inventory.phtml" hash="6759a08e6afe766db7ed54814ea4676b"/></dir><dir name="widget"><dir name="chooser"><file name="container.phtml" hash="3043ccbabb4641105b3f241f156f8c4a"/></dir></dir></dir><file name="product.phtml" hash="7d7d72652c83ea5007431ede860241fe"/><dir name="wysiwyg"><file name="js.phtml" hash="79bf2f95fc47fb369accebab015405fe"/></dir></dir><dir name="cms"><dir name="browser"><dir name="content"><file name="files.phtml" hash="8bca646eb72689b0b9c261a8d43f6261"/><file name="newfolder.phtml" hash="84e15ba19934ba070b39fef40eb5b8c0"/><file name="uploader.phtml" hash="74334f78aadf103650e73cb3aba0cae3"/></dir><file name="content.phtml" hash="011898836d6c1abbaffa754ce6480f10"/><file name="js.phtml" hash="07caa78fabab177f9daded1115947155"/><file name="tree.phtml" hash="e658c33a04ad1c24e4ac66187ac9aebf"/></dir><dir name="page"><dir name="edit"><dir name="form"><dir name="renderer"><file name="content.phtml" hash="0aee2c89cab9c172f7754efb1e97c616"/></dir></dir></dir></dir></dir><file name="coming.phtml" hash="d5b559a738546ced442f00df92fe02d7"/><dir name="connect"><dir name="extension"><dir name="custom"><file name="authors.phtml" hash="f100935c95888e51526c58f384b2d7c4"/><file name="contents.phtml" hash="b7ce10e80c74c050abf341436d665758"/><file name="depends.phtml" hash="dcc96e497bbf24596010023b65a733f6"/><file name="load.phtml" hash="d63a2982e9fe2fe1f283e2b4c4b285dd"/><file name="package.phtml" hash="e8036f32b44fb6314a403b82c011ec01"/><file name="release.phtml" hash="b50329d60d68bff9ff0e8a5a5dc39b5d"/></dir></dir></dir><dir name="currencysymbol"><file name="grid.phtml" hash="d58794138d10de0194e8ddfa2aab43d1"/></dir><dir name="customer"><dir name="edit"><file name="js.phtml" hash="94a3d284e8a0b92789f690feed2a58f1"/><dir name="tab"><dir name="account"><dir name="form"><dir name="renderer"><file name="group.phtml" hash="63f0c218412d3ccae329ce6559eedf85"/></dir></dir></dir><dir name="view"><dir name="grid"><file name="item.phtml" hash="00e1569fba2eb47e193964b4e9a1fe7e"/></dir></dir></dir></dir><file name="online.phtml" hash="2de6f2d49e7e7299fd87021a74dc9b42"/><dir name="sales"><dir name="order"><dir name="create"><dir name="address"><dir name="form"><dir name="renderer"><file name="vat.phtml" hash="9745f3ffd9fef88d7405e4fc94fd2f00"/></dir></dir></dir></dir></dir></dir><dir name="system"><dir name="config"><file name="validatevat.phtml" hash="d66acd187bdfed31c3c2354f546442cd"/></dir></dir><dir name="tab"><file name="addresses.phtml" hash="292d308dd2dc486751ae284178fba45b"/><file name="cart.phtml" hash="5f91cd5a9af29c8357d0ecec393866e1"/><file name="newsletter.phtml" hash="217e3adaddfde5eebd69cb0b9ce3137c"/><dir name="view"><file name="sales.phtml" hash="21ccdd0aa155d124e31e9d14221fd2b5"/></dir><file name="view.phtml" hash="8cb1861837a4b6dfc5a928fd308696a1"/><file name="wishlist.phtml" hash="0fdd8fcd370831354501f87cc860fa24"/></dir></dir><dir name="dashboard"><dir name="graph"><file name="disabled.phtml" hash="a9f2f2fe66344d1ab52f2a8846b3ee19"/></dir><file name="graph.phtml" hash="6a61127c70fdb5e5a03cf3d813666919"/><file name="grid.phtml" hash="becc52bd2bdb27ecc64db3ec8c103ca5"/><file name="index.phtml" hash="2710fe9fb5394987de59b3cf8135604e"/><file name="salebar.phtml" hash="0ee90c82d5961b7d11653390ed1410e0"/><file name="searches.phtml" hash="cf00ce9257abcfe21c47d326830f6484"/><dir name="store"><file name="switcher.phtml" hash="70d22485908ab869cefb6e6e3e7adae4"/></dir><file name="totalbar.phtml" hash="16b05457a8d88bfea297010da868f01b"/></dir><dir name="directory"><dir name="js"><file name="optional_zip_countries.phtml" hash="82991cce214f70fd6f3069ffa054bab8"/></dir></dir><dir name="downloadable"><dir name="product"><dir name="composite"><dir name="fieldset"><file name="downloadable.phtml" hash="d6a42cc2317c05cfebceb41a1bb81357"/></dir></dir><dir name="edit"><dir name="downloadable"><file name="links.phtml" hash="ba61ab5dc51a98bb8a15657a7f717fec"/><file name="samples.phtml" hash="b634ad45d24b56dd03c77bd2b6522356"/></dir><file name="downloadable.phtml" hash="ca0899308ee8eb270e49accc9492e9ed"/></dir></dir><dir name="sales"><dir name="items"><dir name="column"><dir name="downloadable"><dir name="creditmemo"><file name="name.phtml" hash="1f3e085fbcca1e58454ea9c6f2d4fc2b"/></dir><dir name="invoice"><file name="name.phtml" hash="c88ad7b48b0e96e873e5e4717473692d"/></dir><file name="name.phtml" hash="dd921b62e3aa82657e557310fccb7657"/></dir></dir></dir><dir name="order"><dir name="creditmemo"><dir name="create"><dir name="items"><dir name="renderer"><file name="downloadable.phtml" hash="bf8730d15a2c59f83a5c7db58e4b3c94"/></dir></dir></dir><dir name="view"><dir name="items"><dir name="renderer"><file name="downloadable.phtml" hash="2e21c1b767f3b530587025e873d5bdab"/></dir></dir></dir></dir><dir name="invoice"><dir name="create"><dir name="items"><dir name="renderer"><file name="downloadable.phtml" hash="dd81921f4b0360338f5616443caa41f8"/></dir></dir></dir><dir name="view"><dir name="items"><dir name="renderer"><file name="downloadable.phtml" hash="d0b1a3f8edc8c586081d234c04315609"/></dir></dir></dir></dir><dir name="view"><dir name="items"><dir name="renderer"><file name="downloadable.phtml" hash="93d62162a83d3d223fb31bf15b5c8967"/></dir></dir></dir></dir></dir></dir><dir name="eav"><dir name="attribute"><dir name="edit"><file name="js.phtml" hash="7a98412b5e02a2337962f1cba1c0926f"/></dir><file name="options.phtml" hash="b256d2cced5639b490fd02f386b856c0"/></dir></dir><dir name="email"><dir name="order"><file name="items.phtml" hash="3d5bdfb03c98df09183b1cae43ab9f5f"/></dir></dir><file name="empty.phtml" hash="85b5bcbacf33148afa9cb2e291ed9c29"/><file name="example.phtml" hash="fa6ad939de28c77f97c7661b70ae32b6"/><file name="forgotpassword.phtml" hash="9a6bb0557f28c75a8313be2c8344b30b"/><file name="formkey.phtml" hash="668f8c7327ebc6e52e81837e6d59883e"/><dir name="giftmessage"><file name="form.phtml" hash="8ee516dc74b127343fee0878f0bf9fea"/><file name="giftoptionsform.phtml" hash="63957f638434ce0a8d6db542ddef62dd"/><file name="helper.phtml" hash="bdd78c5dd5b3f8c6982aef0bf972926b"/><file name="popup.phtml" hash="a59c297c518a7b1da339a9a26f282ec1"/><dir name="sales"><dir name="order"><dir name="create"><file name="giftoptions.phtml" hash="093edda5e1e6c70305be5cd6a72a428c"/><file name="items.phtml" hash="de0f3a292bc3300485150c235b3c8baf"/></dir><dir name="view"><file name="giftoptions.phtml" hash="31f1e4a845d664c74167e4aaf8e60d92"/><file name="items.phtml" hash="6e13e1c989e036a70ce63985109ebf4b"/></dir></dir></dir></dir><dir name="googlebase"><file name="captcha.phtml" hash="4c757e7ae89a8d5d6f6a9b9442e9db06"/><file name="items.phtml" hash="6c36149414fdb1429aa538af780bd8cc"/><dir name="types"><dir name="edit"><file name="attributes.phtml" hash="c020a509f199500e302990d93d334cd9"/></dir></dir></dir><dir name="importexport"><file name="busy.phtml" hash="d262675a58d13c07e06758a8289a3835"/><dir name="export"><dir name="form"><file name="after.phtml" hash="3e764cd464cb459e97a83c2290db2211"/><file name="before.phtml" hash="404ce5d37d1a382e2686348e37927562"/></dir></dir><dir name="import"><dir name="form"><file name="after.phtml" hash="9bed43a35ee858d35cbb5ee6c22a7d7a"/><file name="before.phtml" hash="ff9c4f2494f974420f80f3af7f10e5bc"/></dir><dir name="frame"><file name="result.phtml" hash="4916fcf4a49ebd7c3a714c89f799c61a"/></dir></dir></dir><dir name="index"><file name="notifications.phtml" hash="da5caede6028791f5ad4d18f8849a10f"/></dir><file name="login.phtml" hash="06e47e38d714b6dcb0d05a4c58498a24"/><dir name="media"><file name="editor.phtml" hash="7a43efd27957c6af0be487bb9c575a9a"/><file name="uploader.phtml" hash="526fa29bfbe08b7db8a8f0b487a711aa"/></dir><dir name="newsletter"><dir name="preview"><file name="iframeswitcher.phtml" hash="a1fd201e45ac43760cd93cfd008e08b2"/><file name="store.phtml" hash="db953f03978e2c4fefd86060cb569297"/></dir><dir name="problem"><file name="list.phtml" hash="b87e241b95fa68260c6e34ac8ad3dc58"/></dir><dir name="queue"><file name="edit.phtml" hash="75d0bf23bb2a7583f5e8af836b62af93"/><file name="list.phtml" hash="a6a0648a213a57e7ad83f91c96d52717"/><file name="preview.phtml" hash="f1bea98facf19ca2ce34470e6b86cb87"/></dir><dir name="subscriber"><file name="list.phtml" hash="ad47057f0078b902d262d56143c9cade"/></dir><dir name="template"><file name="edit.phtml" hash="2ffe2af188c8c8d30f4993d9d3e8eddd"/><file name="list.phtml" hash="1266bfe62755075fc7f38b4598007a29"/><file name="preview.phtml" hash="f1bea98facf19ca2ce34470e6b86cb87"/></dir></dir><dir name="notification"><file name="baseurl.phtml" hash="1a5a7dffdfc83d740ef2843e54a12dd9"/><file name="security.phtml" hash="83362536d29fe224b474c063de3cd6ab"/><file name="survey.phtml" hash="08aca628ec979a2c69447429771de8df"/><file name="toolbar.phtml" hash="4d39b7bd8e45b04f8e554bf9de6202fb"/><file name="window.phtml" hash="5666027b927a760d0d1ab54fed5d791c"/></dir><dir name="oauth"><dir name="authorize"><file name="button-simple.phtml" hash="d9fc19bb662651816023670f0c541473"/><file name="button.phtml" hash="8ef4e59f856e200ae9b4df6a9b11040a"/><file name="confirm-simple.phtml" hash="c6f9aad0568c1183be7758d4355566e8"/><file name="confirm.phtml" hash="3fb68893fe222c965cba7bfe3b1d763f"/><dir name="form"><file name="login-simple.phtml" hash="795a6e6ac738c592a1c6d8cb160107f2"/><file name="login.phtml" hash="02bae281f86f343afbe82899abf2ecc9"/></dir><file name="head-simple.phtml" hash="025e93a7450094ebb292be787b3a6093"/><file name="reject-simple.phtml" hash="239588bf20e2a78130178c9fe49b7bce"/><file name="reject.phtml" hash="ca1c10dcc85ecfa5803e46ea5960059d"/></dir></dir><file name="overlay_popup.phtml" hash="23a40353e27d75eb0bbda6175f671796"/><dir name="page"><file name="footer.phtml" hash="2462a7315f44a7fd106f4ea5d2347215"/><file name="head.phtml" hash="5d95792ce437b953557e60e41cff7122"/><file name="header.phtml" hash="b22db4d17af45d66789444f39bf427b2"/><dir name="js"><file name="calendar.phtml" hash="34d10b8433102613bb6a4bed72f3e0f5"/><file name="translate.phtml" hash="6ee90249fc539ec676f51d827d42066d"/></dir><file name="menu.phtml" hash="a1b2fc6e23351ec660ebd297924d1cde"/><file name="notices.phtml" hash="3f8f0fb17d8642db0f1392ae239b6b4d"/></dir><file name="page.phtml" hash="7953efb6d0cb2decb67dfbebf389a751"/><dir name="pagecache"><dir name="cache"><file name="additional.phtml" hash="bd00566238cd0f5d38a6a32e8e029075"/></dir></dir><dir name="paygate"><dir name="form"><file name="cc.phtml" hash="b2c9edc6305ecd2d461960979dc6e04d"/></dir><dir name="info"><file name="cc.phtml" hash="a588d97b5f7d01e25da3086bbebbb58e"/><file name="pdf.phtml" hash="d3daafd51a71ac8ad82a5ad135341213"/></dir></dir><dir name="payment"><dir name="form"><file name="banktransfer.phtml" hash="f5ca517d54f15925165221a6034d1a41"/><file name="cashondelivery.phtml" hash="5a424f8084282cabfc3ec89153af8ebc"/><file name="cc.phtml" hash="1f6cb5eb01602aad78b06f6d2e616fae"/><file name="ccsave.phtml" hash="b75ba46d35459c9f4eb76459c4230b91"/><file name="checkmo.phtml" hash="f678a5af0f38016946f0d2153d1c1c4c"/><file name="purchaseorder.phtml" hash="5ee44c5a12516febb7ea5e9fce0813e9"/></dir><dir name="info"><file name="banktransfer.phtml" hash="1cc12ea937a83ec7850c3e3c979ae090"/><file name="checkmo.phtml" hash="d60d2fbe95574f7c2ddc710684272044"/><file name="default.phtml" hash="cc873bf7b3e3d9724864ef6cbb3b8551"/><dir name="pdf"><file name="checkmo.phtml" hash="03abba9cccd1f9bee48c9f871970720e"/><file name="default.phtml" hash="70630d0f786194e1efd421a6c555731c"/><file name="purchaseorder.phtml" hash="15bb4ad5666e114e9b125b41fa4f4fff"/></dir><file name="purchaseorder.phtml" hash="f7861e98d8ad6d7bfc652c2e3ce2f9b5"/></dir></dir><dir name="paypal"><dir name="system"><dir name="config"><file name="api_wizard.phtml" hash="dab0fc1b5c82698253a334a81cc25964"/><dir name="fieldset"><file name="global.phtml" hash="637eedd4757ee1a5ad964d378455959c"/><file name="hint.phtml" hash="c0bcddc6efc5638bb5c361cee25bb391"/><file name="store.phtml" hash="6ae39364f3c985351da2d5d4e038b320"/></dir><dir name="payflowlink"><file name="advanced.phtml" hash="434c43cb233834700e474440a53d6fab"/><file name="info.phtml" hash="aa73ddfe78d99c1bd5374197d47c98c4"/></dir></dir></dir></dir><dir name="permissions"><file name="role_users_grid_js.phtml" hash="f4cb17fefcca73b09a5f2ae39234f34d"/><file name="roleinfo.phtml" hash="3f98afc8ff32c5d0d5d72463e3599294"/><file name="roles.phtml" hash="d68d22cfba21927ecbe95db6ae7cee43"/><file name="rolesedit.phtml" hash="d5d142bdf1b725999eb84b5f40cd776f"/><file name="rolesusers.phtml" hash="13ef3a4e3f2b9029145d77f5acb7cb7a"/><file name="user_roles_grid_js.phtml" hash="9267240bc35a6f42f6ade61b5575b137"/><file name="userinfo.phtml" hash="ac60e8332ae54b118b3004ac50c5de5d"/><file name="usernroles.phtml" hash="9110a1d0be02818c12f0d76353e6b230"/><file name="userroles.phtml" hash="2d779269a168d467e1b23dcaaa67b898"/><file name="users.phtml" hash="686451dcc0db658e0f342de6cb651478"/></dir><dir name="poll"><dir name="answers"><file name="list.phtml" hash="28b9547c2c6efdd970a5327413476661"/></dir></dir><file name="popup.phtml" hash="5fccd3a283b7d21c35f367a3974d4947"/><dir name="promo"><file name="fieldset.phtml" hash="d87248d0189fbfd6a00a3a5a245459cf"/><file name="form.phtml" hash="a3f5a0e8001ac56e822866a2fd453c89"/><file name="js.phtml" hash="2eafd0314cd42af30f6a7a08b3bf4ef7"/><file name="salesrulejs.phtml" hash="cec2eff46a015a52fc538609ade12821"/></dir><dir name="rating"><file name="detailed.phtml" hash="852c913d6a79e34aed3e5d05f19db991"/><file name="options.phtml" hash="d30cad80e36feb721ea4753947b3661a"/><dir name="stars"><file name="detailed.phtml" hash="a4ac92a52fa258181b0d708018c62108"/><file name="summary.phtml" hash="a83cfc4d046880aa3ec5f478bad36161"/></dir></dir><dir name="report"><dir name="grid"><file name="container.phtml" hash="8afae1e8f315820ea263abb7901756d0"/></dir><file name="grid.phtml" hash="cbcde35a2594a1d36b20b99291e32b22"/><dir name="refresh"><file name="statistics.phtml" hash="a8b531e672ff17aa78e35473f215739a"/></dir><dir name="store"><dir name="switcher"><file name="enhanced.phtml" hash="f5f5e64bb1c9dcb59434a4fc811acda2"/></dir><file name="switcher.phtml" hash="947b37780419beabcda34013a261d43d"/></dir><file name="wishlist.phtml" hash="fc6334b08f55a7f3f5f42f401a9a2574"/></dir><file name="resetforgottenpassword.phtml" hash="19e9019c7236f8232d398754be6e0d18"/><dir name="review"><file name="add.phtml" hash="f919e9d005e9982a809cd759bd1fa27a"/></dir><dir name="sales"><dir name="billing"><dir name="agreement"><file name="form.phtml" hash="c045bc446859e14f1f5096ad44be54de"/><dir name="view"><file name="form.phtml" hash="a38fecb1401080e69fc92e51863bf522"/><dir name="tab"><file name="info.phtml" hash="426577dc27aa90a734aa23f0fe93d673"/></dir></dir></dir></dir><dir name="items"><dir name="column"><file name="name.phtml" hash="d3d1d31a2a0bc7a57801f78756a62ecf"/><file name="qty.phtml" hash="37394503de14c09502b6b8b7542660a6"/></dir><dir name="renderer"><file name="default.phtml" hash="8f9b32e7bbe72e96178d9b6f9c75806a"/></dir></dir><dir name="order"><dir name="address"><file name="form.phtml" hash="14a681b992206d290b708b4df6839c32"/></dir><dir name="comments"><file name="view.phtml" hash="b1d7c4ff5d1d02ef95bc5dbdc789df0a"/></dir><dir name="create"><file name="abstract.phtml" hash="73bb65d4b51bed1be38cb18738cefdd0"/><dir name="billing"><dir name="method"><file name="form.phtml" hash="7f6d2c2571c3e94e882a84391163f2c4"/></dir></dir><file name="comment.phtml" hash="3ff56760d956ee9850fc899a6bf444cc"/><dir name="coupons"><file name="form.phtml" hash="9de66e86ddd6b1d90c5ff57bf1092fa5"/></dir><file name="data.phtml" hash="cfba996cee0ec9e3cb128a338aa97234"/><dir name="form"><file name="account.phtml" hash="4ef4d5d68f31f02cb7ac477804b9c729"/><file name="address.phtml" hash="9c73251984359ab1822c8ee784d0897b"/></dir><file name="form.phtml" hash="9f7e219d35d6f5f39e6c8aefcdee757c"/><file name="giftmessage.phtml" hash="61d994f507fc095324856d0f168dd0a2"/><dir name="items"><file name="grid.phtml" hash="b1f9cda82ff0072a658c282ea8f7d625"/></dir><file name="items.phtml" hash="4b8a4bbb55d1f3a10bce5c0f2a77c8c7"/><file name="js.phtml" hash="b135bc5e678ad509b3dcec73a19a8a23"/><dir name="newsletter"><file name="form.phtml" hash="8d924604782ce5b25ea93ba17b3e6b40"/></dir><dir name="shipping"><dir name="method"><file name="form.phtml" hash="baba59c0d805fb14f117d0395715e03c"/></dir></dir><dir name="sidebar"><file name="items.phtml" hash="fe201f2c2e0b9d8c0ab00caf83eba9c7"/></dir><file name="sidebar.phtml" hash="db99134846752d81956d4fa184286fe8"/><dir name="store"><file name="select.phtml" hash="d07c80543627993d8a390528ad173b99"/></dir><dir name="totals"><file name="default.phtml" hash="64c8c771680709c8045f05dee1d18d5b"/><file name="grandtotal.phtml" hash="3249e222a3a30d63afd9262e9cb1a4db"/><file name="shipping.phtml" hash="95bf72407796516b82d7d4fbfda67688"/><file name="subtotal.phtml" hash="60616ad2dc8be1486dbf08f5a833d6ff"/><file name="tax.phtml" hash="74fc8266eeb87c93033fbb2f78ed1345"/></dir><file name="totals.phtml" hash="e08335a53675cdcd8f59913b505156e5"/></dir><dir name="creditmemo"><dir name="create"><file name="form.phtml" hash="2e8a3360bac63dbbdf7791236abfddeb"/><dir name="items"><dir name="renderer"><file name="configurable.phtml" hash="73be8682fb113fb48c007da2048dcf19"/><file name="default.phtml" hash="45c7dba8a188492a1898d326050ed879"/></dir></dir><file name="items.phtml" hash="2c92ec23f30e455369d2a9a3f08883cd"/><dir name="totals"><file name="adjustments.phtml" hash="ef48f10d014988a5854fa758c97b138e"/></dir></dir><dir name="view"><file name="form.phtml" hash="8b7613c7724df167f773733537f5f1ba"/><dir name="items"><dir name="renderer"><file name="configurable.phtml" hash="d7473c61ac4ddcb78a67333bd93cebc5"/><file name="default.phtml" hash="f375604bcdd6b5a908107e418a67fdf6"/></dir></dir><file name="items.phtml" hash="b35fe2e31670ac2801abdc1bcbff0102"/></dir></dir><file name="giftoptions.phtml" hash="b6f4197d3df032819254d0dac3413495"/><dir name="invoice"><dir name="create"><file name="form.phtml" hash="bf7f58f7a32c9bc13d609e24069591cb"/><dir name="items"><dir name="renderer"><file name="configurable.phtml" hash="b22515ce703f8db8cfbfb60f145da438"/><file name="default.phtml" hash="6c643dc3288b0c94b32abe563d1fa493"/></dir></dir><file name="items.phtml" hash="4c05e6eb775ea5223ff5456c81304a86"/><file name="tracking.phtml" hash="66faab35a9ff18921bc3e6dbf4bd45f7"/></dir><dir name="view"><file name="form.phtml" hash="f976756a3c4669d424686cc46ea2568d"/><dir name="items"><dir name="renderer"><file name="configurable.phtml" hash="b3b37f21f5c3b714f8bbe22ef099af56"/><file name="default.phtml" hash="76403ccf7899267162ad3b5839401c0a"/></dir></dir><file name="items.phtml" hash="9e803123162b720873c6e6f4696da31a"/></dir></dir><dir name="shipment"><dir name="create"><file name="form.phtml" hash="c9ac15d1ab6833d34a0f768eae781b31"/><dir name="items"><dir name="renderer"><file name="configurable.phtml" hash="dc08d0b624b90949b181c803a450a36e"/><file name="default.phtml" hash="962f4dd0a8ec540f52f0f13c14ab3e08"/></dir></dir><file name="items.phtml" hash="c9dd1fdc524322c5e60fc6b894434b60"/><file name="tracking.phtml" hash="3f8511262d928445696c6319bb2508dc"/></dir><dir name="packaging"><file name="grid.phtml" hash="7d394055313bf36836fd1f468a263b34"/><file name="packed.phtml" hash="941ae030da21bb54a1d6d101d7dd1af7"/><file name="popup.phtml" hash="b7becfc86ef5bc7935cc08e1814e342e"/></dir><dir name="tracking"><file name="info.phtml" hash="9d088e90071007f8a8408ff4b6bf1578"/></dir><dir name="view"><file name="form.phtml" hash="7307852d350cddf4096d7a78137d147a"/><dir name="items"><dir name="renderer"><file name="configurable.phtml" hash="5dd9560fce1605eb506188ab2810eec8"/><file name="default.phtml" hash="449d5cce4d2baff9737dd143b59f90b7"/></dir></dir><file name="items.phtml" hash="7bd98be6262f041d94d6df9132e6ea36"/><file name="tracking.phtml" hash="94a55a3a5064abbff7790feb76ef5ed4"/></dir></dir><file name="totalbar.phtml" hash="8862b3abf6166a0b106a8e20e5548531"/><dir name="totals"><file name="discount.phtml" hash="4d1ecb9291b25f5c3ab5c5d77f546071"/><file name="due.phtml" hash="3df55bcd0d58a9d72cb44977a03f25de"/><file name="footer.phtml" hash="75322b0a2e4832a1e0d87dde7aad0813"/><file name="grand.phtml" hash="31122d57bcd9d20a616264cf5b8170a3"/><file name="item.phtml" hash="4dfc650dff0e372fbbcbc98cb53bbc8d"/><file name="main.phtml" hash="1785c69f7cae82872bbcbab68b9b5409"/><file name="paid.phtml" hash="3fb004bd20c0d4e39eb8e2ee63c4e7bb"/><file name="refunded.phtml" hash="50bb53757008c84acc968e3afa3782b5"/><file name="shipping.phtml" hash="319fd258f733513d5d5eebf2d3c57d6f"/><file name="subtotal.phtml" hash="dc63cedb53d44617410e60919f1c6673"/><file name="tax.phtml" hash="8e3579a628574f9ab9a7b936d6fd7c78"/></dir><file name="totals.phtml" hash="a3badd69a64601237ce416f39d91e3c9"/><dir name="view"><file name="form.phtml" hash="8eb9c9223952d17a1981350cdbc5bdfc"/><file name="giftmessage.phtml" hash="1c4ce68ee0b411f13742aaa11937f15e"/><file name="history.phtml" hash="8165e4cc586574291d6b6e91dd1700a6"/><file name="info.phtml" hash="d474ebaa1a5e310590bf0d17c643e19e"/><dir name="items"><dir name="renderer"><file name="default.phtml" hash="27a21ebb63d923cee9eb5fa871956fcd"/></dir></dir><file name="items.phtml" hash="2eb186022637b87f7909758b271a52cf"/><dir name="tab"><file name="history.phtml" hash="2477fc121aa58235e0ac937121aa349d"/><file name="info.phtml" hash="175f3b53cdb4c933a9e43ba5e1957a81"/></dir><file name="tracking.phtml" hash="53f1b6e6409abb1c80857af51f2d70d8"/></dir></dir><dir name="payment"><dir name="form"><dir name="billing"><file name="agreement.phtml" hash="acba45d2b1f6e3c6069ca6c190e1c1cd"/></dir></dir></dir><dir name="recurring"><dir name="profile"><dir name="view"><file name="info.phtml" hash="764e11209b05bd561c6eb18dabef08c2"/></dir><file name="view.phtml" hash="86beef0c2b64e7942a5aaab3b879da88"/></dir></dir><dir name="transactions"><file name="detail.phtml" hash="7bebff6273aa9529f1ec30da31bbb9f2"/></dir></dir><dir name="store"><dir name="switcher"><file name="enhanced.phtml" hash="40b5f178cc4848725c4990603cb61144"/><dir name="form"><dir name="renderer"><dir name="fieldset"><file name="element.phtml" hash="d2c451e57d76bf1d85344b973e297267"/></dir><file name="fieldset.phtml" hash="6aee098a94a78080f510e8bf4de7e9ab"/></dir></dir></dir><file name="switcher.phtml" hash="374547385cf8c94599416ba39cb5207c"/></dir><dir name="system"><file name="autocomplete.phtml" hash="105da6d2311f0f7b205a3c7648b0be44"/><dir name="cache"><file name="additional.phtml" hash="59abda62641901a75285f1a9977ec5bb"/><file name="edit.phtml" hash="671183173835e10823ef33f5da573945"/><file name="notifications.phtml" hash="24b8f93e727f53d95632e9939ba842f8"/></dir><dir name="config"><file name="edit.phtml" hash="c1aa30cf44b85966407958b3931527e8"/><dir name="form"><dir name="field"><file name="array.phtml" hash="5d30c98d32ca0d89ac210f4f09bc20a2"/></dir></dir><file name="js.phtml" hash="8dd9b8501b4fe8775832b5faa3468045"/><file name="switcher.phtml" hash="f3ca933dc8199972a15c9b6930235066"/><dir name="system"><dir name="storage"><dir name="media"><file name="synchronize.phtml" hash="9d365a0794775cfc80405aa1ed42d3d5"/></dir></dir></dir><file name="tabs.phtml" hash="9421cf5ffc704a0c725d8fe12b3e47e4"/></dir><dir name="convert"><dir name="profile"><file name="process.phtml" hash="3b871eaf96142a6bfc73a228c491a2d9"/><file name="run.phtml" hash="8314278f7c72dd49f72bd1d23260f360"/><file name="upload.phtml" hash="0376f43508fe8248beade715e50b6380"/><file name="wizard.phtml" hash="27a6bf0670cc46eed2795665d75ed809"/></dir></dir><dir name="currency"><dir name="rate"><file name="matrix.phtml" hash="501aa16d089d1a6cc8de851a67ab2f5d"/><file name="services.phtml" hash="21443d86f7f8ecec1c52e1a3c00fca41"/></dir><file name="rates.phtml" hash="00992c94fd98af59bd884cf4a6afc5bf"/></dir><dir name="design"><file name="edit.phtml" hash="7cb45f6fd1822a4313f3d5b9bd2af8c5"/><file name="index.phtml" hash="73e90ef9565c3d65bf225a2d269a6870"/></dir><dir name="email"><dir name="template"><file name="edit.phtml" hash="6e69aa01e5937f09dd709a44e3004e8d"/><file name="list.phtml" hash="6c358ab194467f511a15fb52c11293dc"/><file name="preview.phtml" hash="5f5a1e8c84565775c11403a5cf0fbbf3"/></dir></dir><file name="info.phtml" hash="a6c1164a4c98c694c3e139635c59023b"/><dir name="shipping"><file name="applicable_country.phtml" hash="9dfc89cfd9712877c0b0143c90ab4d79"/><file name="ups.phtml" hash="a4fa51b2eda6290c99b7c0c0c6cfffc3"/></dir><dir name="store"><file name="cell.phtml" hash="1e73f208e7c568388b1dbf478bd433d4"/><file name="container.phtml" hash="ddee399b4740f3cd8b16a319d6739825"/><file name="tree.phtml" hash="d5af84bef10198d74c7718dfc8763a96"/></dir><dir name="variable"><file name="js.phtml" hash="8538abff6d312fb701fbbc3550951803"/></dir></dir><dir name="tag"><dir name="edit"><file name="container.phtml" hash="72887e68c2f5a5ec248a5607b4e1801d"/></dir><file name="index.phtml" hash="5bf61c4bc56186630c6889782d2cdc59"/></dir><dir name="tax"><dir name="class"><dir name="page"><file name="edit.phtml" hash="e1d76e3a3c4bde7487108fce74ca9b47"/></dir></dir><file name="importExport.phtml" hash="b6cd95136b50fd2d013e29bf2451bec0"/><file name="notifications.phtml" hash="b6510fcce4230812e84234926498df3e"/><dir name="rate"><file name="form.phtml" hash="1e2e7785dba03e796406e69ce3a769ae"/><file name="title.phtml" hash="c2eb1ee552f4cea7a102e4fa7ddfd0bb"/></dir><dir name="toolbar"><dir name="class"><file name="add.phtml" hash="4491c9722bd2331a2bdd304f031083b6"/><file name="save.phtml" hash="032714eae5624e7279dd193895e2ed8f"/></dir><dir name="rate"><file name="add.phtml" hash="032d165447fa3fae7e9f2ec9077ad4e7"/><file name="save.phtml" hash="ef208e4f3cc0d17fdb66bbbe91095274"/></dir><dir name="rule"><file name="add.phtml" hash="0dc115c883a8b54ce52a90700bd7ad2f"/><file name="save.phtml" hash="334317a26a36ea08f5a256a6905902ae"/></dir></dir></dir><dir name="urlrewrite"><file name="categories.phtml" hash="6f4495dea9e6cc3ca79b7f17405d21ae"/><file name="edit.phtml" hash="7c0db0d0650e40fee40fecc6edfd8429"/><file name="selector.phtml" hash="6094b7f69056c73542dcc4fb484fd45f"/></dir><dir name="usa"><dir name="dhl"><file name="unitofmeasure.phtml" hash="ab0c1fc151f0960904b72f5925ce72f3"/></dir></dir><dir name="weee"><dir name="renderer"><file name="tax.phtml" hash="1a03a17e003e282f305f5b98b76ec3a3"/></dir></dir><dir name="widget"><file name="accordion.phtml" hash="acf28e43dce33978945ee9a2f313c290"/><file name="breadcrumbs.phtml" hash="0f524150eeb162e84a3e0a2ea337c009"/><dir name="form"><file name="container.phtml" hash="6b7fcfc0cce370bd7dc2ea0d8e8b91df"/><dir name="element"><file name="gallery.phtml" hash="cc88955d39c4dca1c3cae2f1be11df71"/></dir><file name="element.phtml" hash="a9bcd0883785e27a3109e63c26091473"/><dir name="renderer"><file name="element.phtml" hash="3391b6b0186997220da62a58270d03e6"/><dir name="fieldset"><file name="element.phtml" hash="b404ad60631b57098b3fe47614d3c0ad"/></dir><file name="fieldset.phtml" hash="810c50c407a4e4002c38e33be96f9021"/></dir></dir><file name="form.phtml" hash="4ea8b1ce0e38792b8ea0a141e23f89cc"/><dir name="grid"><file name="container.phtml" hash="ddee399b4740f3cd8b16a319d6739825"/><file name="massaction.phtml" hash="35a4ca2a18dc9d0ecec321627619aa6a"/><file name="serializer.phtml" hash="8309b1d770991ade042a867531ccaab3"/></dir><file name="grid.phtml" hash="af5bb924c49ef99616309f0f9c9271a3"/><dir name="instance"><dir name="edit"><file name="layout.phtml" hash="594ee7f23240bb24219ea63b8b59168d"/></dir><file name="js.phtml" hash="f9cd0f08b4a7b12022c6df02e725578d"/></dir><file name="tabs.phtml" hash="ff20c803cfb129521252118b10e23950"/><file name="tabshoriz.phtml" hash="4b0d96893f2eb7eddde756d9a9725652"/><file name="tabsleft.phtml" hash="ba203148b588acb37cc4ae2f830f2feb"/><dir name="view"><file name="container.phtml" hash="25169c263daab90862150a40b7171c9f"/></dir></dir></dir></dir></dir></dir></target><target name="mageskin"><dir name="adminhtml"><dir name="default"><dir name="default"><file name="below_ie7.css" hash="b2bf3a91f389f2ea7912765a814ce10f"/><file name="boxes.css" hash="4124f1904f8c3fb40675bbff6268d017"/><file name="custom.css" hash="30ed634c4e5d7521cf9961c880c3cba4"/><file name="favicon.ico" hash="88733ee53676a47fc354a61c32516e82"/><file name="ie7.css" hash="15db0c436a5438265a91b2c1e4ac4626"/><file name="iestyles.css" hash="89403be830634339c69a155aa824300d"/><dir name="images"><file name="accordion_close.gif" hash="875409122fc82f5f6705e20dd801fd3d"/><file name="accordion_close.png" hash="6213698b5f69bb2907a5c7bb94b5fe8d"/><file name="accordion_open.gif" hash="d9d50e220b0b676094c6134a9708194e"/><file name="accordion_open.png" hash="9fbc3aba23ce5e0465e4d1cf3f6a7aee"/><file name="add_btn_icon-disabled.gif" hash="c8f6a5cfb455ef121efb56a747821f82"/><file name="add_btn_icon.gif" hash="7300097305b577ee564dc49102822d16"/><file name="address_list_li.gif" hash="79b917b514e35ce0a7833a5e268fd9f7"/><file name="address_list_on_arrow.gif" hash="3a2884ddcc87ebd48883662530b9de1b"/><file name="address_list_over_arrow.gif" hash="e826883c71b1184bd4f29433e39c18ad"/><file name="address_list_over_bg.gif" hash="56291480cc89de9d817205a5f23b66dd"/><file name="ajax-loader-tr.gif" hash="1ae32bc8232ff2527c627e5b38eb319a"/><file name="ajax-loader.gif" hash="e2a38f1e23288e315af3c55416bc1ce7"/><file name="application_view_tile.gif" hash="f595a133bf466cb91be23d9686fe6281"/><file name="arrow_sort_move.gif" hash="f5ac151a2b0cb1f07d6e771b8aee0ea7"/><file name="bg_collapse.gif" hash="2333c68e38163ed4656da82b9bcf362b"/><file name="bg_create_order_totals.gif" hash="ff6ab75c050b959c539cc6a6fdff2934"/><file name="bg_notifications.gif" hash="a365594725a83585d989f722b3d8c458"/><file name="bg_window_mask.png" hash="93d6efad062d24c94c105802b138b6a5"/><file name="bkg_btn-close.gif" hash="df3f2332f0bad01e031deb22b81f630c"/><file name="bkg_btn-close2.gif" hash="822457d78fb3c21dc12e9777d83eb4f1"/><file name="bkg_config-advanced.png" hash="b898594a9f1849bf386c06979ef613a8"/><file name="bkg_config-nested.png" hash="7b0fdbf98746c3c916b432c37321ccc4"/><file name="bkg_config-shaddow.png" hash="9ee4318e3f4afc446d26e7f66d01cfbd"/><file name="bkg_tooltip.png" hash="56cfed3ed8a65b19f8de88946d1a0a01"/><file name="blank.gif" hash="5722d7bd0f1e1379d0a2005a0a9ea401"/><file name="box_bg.gif" hash="4c501bd6db9d361c18780f106a809b03"/><file name="breadcrumb_bg.gif" hash="72c4adf6c75b4640ca8f7cadffa42266"/><file name="btn_add-image_icon.gif" hash="1d42210fd29fc534d9ed6b41e811d40f"/><file name="btn_add-variable_icon.gif" hash="a2db02e318d107d5b57b444c8d80b8f8"/><file name="btn_add-widget_icon.gif" hash="b4f66ca7f6097fbafd672e0b3f076ef4"/><file name="btn_add-widget_icon2.gif" hash="467acd3a14fb8be37191f5d2ec5a5b13"/><file name="btn_back_bg.gif" hash="8be512788b8044fe31aa8d00cc16ba7b"/><file name="btn_bare_bg.gif" hash="ddbbab8c0d201c3e502d50e7d4a3d64b"/><file name="btn_bg-disabled.gif" hash="079971a9d2c385fe353d35716ec9f26b"/><file name="btn_bg.gif" hash="37c51a4d48a92da9648dcd3ca011039f"/><file name="btn_bg.png" hash="6e3b7003381f919e8f6533444afaa978"/><file name="btn_cancel_bg.gif" hash="fcb3506858fcfa8d1778b0683dc89f54"/><file name="btn_delete_bg.gif" hash="ad740d0c16f2f6603c8ef023004d6539"/><file name="btn_go.gif" hash="1bd787868713767cc205e2ee25e41f62"/><file name="btn_gr_bg.gif" hash="6cc324b79a512150fee24fb3517d22cb"/><file name="btn_gr_on.gif" hash="820c134df02f7bc12efa5a9ac3b4d3dd"/><file name="btn_gr_over.gif" hash="d4c8b807d64c1f493d17c6c9d2bab69a"/><file name="btn_loading-icon.gif" hash="45f500105be432a12c78fed2b4592cf9"/><file name="btn_login.gif" hash="79fa32d49d3f4e39d3fbf8327f9229e1"/><file name="btn_on_bg.gif" hash="709cf5b0be137db1ef8427688503bf37"/><file name="btn_over_bg.gif" hash="f91641168454c03d1fa72731ec97a2b3"/><file name="btn_show-hide_icon.gif" hash="0238c509b33ba56c25df9513bb48f804"/><file name="btn_task_bg.gif" hash="5e0594bd9cbfcc1e32ffa918d7f9c812"/><file name="button-close.png" hash="04d0907b2d7fc3240693497b199f64f5"/><file name="cancel_btn_active_bg.gif" hash="91ce403d286eef2b4e0c13733875882f"/><file name="cancel_btn_bg.gif" hash="26749cf4949ac27c30f597434d3bde65"/><file name="cancel_btn_icon.gif" hash="97e0cd94ed31d6f2a1181f627e60e9a3"/><file name="cancel_btn_over_bg.gif" hash="45eb4e883b17375961672f5390387c31"/><file name="cancel_icon.gif" hash="70a23b78353f0a7b9b118a937fcb7ea9"/><file name="config_tab_dt_bg.gif" hash="a33f71077ca4078caa794cae01d9fca7"/><file name="dashboard-close.gif" hash="5ae5afd61e937fcd2d5b84641255ee4d"/><file name="db-graph-bg.gif" hash="5d76efb7c3244f5684df2566782124ea"/><file name="db-graph-bottom-bg.gif" hash="b58ced87a38a10891106329ae882aa1c"/><file name="db-graph-line-bg.gif" hash="f16bb08e040c2c0a3e23b3f35c54b79b"/><file name="db-graph-line2-bg.gif" hash="744ebfdba20d050f4d252afc216394be"/><file name="db-graph-x-bg.png" hash="d5c26510718a78d22083916d80ef7a22"/><file name="db-header-bg.png" hash="3976cb6351e167686a501a85cf3a68e9"/><file name="db-menu-bg-hov.gif" hash="34ea76a6d105d90fcb63bf105aadb8f7"/><file name="db-menu-bg-up.gif" hash="b0f754872dff5f2f0dc57ba193fdfa4c"/><file name="db-menu-bg.gif" hash="ea534c3c09bb309e566b6ae876655e13"/><file name="db-menu-sep-last.gif" hash="a01fe34854e1187e466fd58d462c4106"/><file name="db-menu-sep.gif" hash="7c5ae1cd59a189261cc3244358d5c1ad"/><file name="db-menu-start.gif" hash="aa5cac2194d937cc7fa904ccfce70ecc"/><file name="db-scroll-bg.gif" hash="06d2411e3b5f350ab21b625439d2d69d"/><file name="db-scroll-but-bot-roll.png" hash="6bc5e482f3f6d8fb1fc5014ddea43706"/><file name="db-scroll-but-bot.png" hash="25c0181e76ff8ceb3c0ec59071b8c72c"/><file name="db-scroll-but-top-roll.png" hash="b7961f2a3b5b641694a9b0b30d58e46b"/><file name="db-scroll-but-top.png" hash="de7df96e961596be9ff556924259b98b"/><file name="db-scroll-roller.png" hash="e01dde7bd096c52179acf29a425a29e5"/><file name="db-tab-bottom-left-bg.gif" hash="124388d44ac58b029377c6311a4782d5"/><file name="db-tab-bottom-mid-bg.gif" hash="9c48f33aa8907cfcb227bc779c2e1dce"/><file name="db-tab-bottom-right-bg.gif" hash="1db45e6fd8abc67d59f96a676607b412"/><file name="db-tab-footer.gif" hash="cac8928acba75bc1edd73186ced78e5c"/><file name="db-tab-header-sep.gif" hash="580312af7441b6a62f7e32081c40fb0f"/><file name="db-tab-header.gif" hash="fdf493b9477fcff7e7be98405effc33d"/><file name="db-tab-left.gif" hash="3fe3c55267dbbdd1db2ff959ccc9e0be"/><file name="db-tab-right.gif" hash="b7a32c8b03efe2fbdb63215d0446e3be"/><file name="dotted_divider_dark.gif" hash="8bf1de196d9ea048bfb25155cedd2e9e"/><file name="dotted_divider_light.gif" hash="92e562bf2070110f6b0a15e29b845445"/><file name="edit_icon.gif" hash="dbda31751c78d964c04394e9d8533187"/><file name="entry_edit_head_arrow_down.gif" hash="985c3ce4439fbf8bb2216fc7e73a3f0b"/><file name="entry_edit_head_arrow_down2.gif" hash="d68dd0fbc2819858a26ea2835c05df77"/><file name="entry_edit_head_arrow_up.gif" hash="d2b90a1823fff9f3917f19b427410144"/><file name="entry_edit_head_bg.gif" hash="1086b7196e8b33c4f46e49fecef0f35f"/><file name="error-msg.png" hash="3cd27b642416dacdc28907c89d934886"/><file name="error_msg_icon.gif" hash="e4f28607f075a105e53fa3113d84bd26"/><file name="fam_account.gif" hash="c910fd1ff41b940d71b0835e02fc143e"/><file name="fam_application_form_delete.png" hash="972c2d998fc19572dd64af6b5e2e898e"/><file name="fam_application_view_tile.gif" hash="f595a133bf466cb91be23d9686fe6281"/><file name="fam_asterisk_orange.gif" hash="908d44da90de5e54185764d093bbdb77"/><file name="fam_bin.gif" hash="2fb388bc9f1d32d3802db8e91dc238bc"/><file name="fam_book_open.png" hash="0ba89b9fbe7e88d4c6896ed0a1f495aa"/><file name="fam_bullet_disk.gif" hash="9fe82691d960c18d3d315c3f9164af4f"/><file name="fam_bullet_error.gif" hash="008802f44288b732b59cfe9fdbfecefe"/><file name="fam_bullet_success.gif" hash="465a056a3ba3d94367f51c3c0b751391"/><file name="fam_calendar.gif" hash="0614207ce4e3e0a9bd631b39e7692e3c"/><file name="fam_cart.gif" hash="1f2fd2c8ac6574488ea78302b6856191"/><file name="fam_comment.gif" hash="5138f9a4b6019a5b14b8ff9a32a3cb89"/><file name="fam_creditcards.gif" hash="b75b8ce2f4fceb58f8082c48344560c7"/><file name="fam_folder_database.gif" hash="e86175ff0f389ade1fc7bf15e03346eb"/><file name="fam_folder_palette.gif" hash="c0941b9145e06d53cc0d17ac4c151764"/><file name="fam_folder_table.gif" hash="e2914ba75944acd2a9e2d338fa339e16"/><file name="fam_group.gif" hash="52d778dddbf48b8d04226bee9370a7ef"/><file name="fam_help.gif" hash="2b5ed4c13a8e24456207b757826c7b2c"/><file name="fam_house.gif" hash="8eb2d580c5a40b7974f4263ca64fb94a"/><file name="fam_layout.gif" hash="5366a5f02260d3a860ef0c4787282ad6"/><file name="fam_leaf.png" hash="078d4f24683331b4557356a59e67b125"/><file name="fam_link.gif" hash="78590d5d8375d1baabe7b66d7b9ceb7d"/><file name="fam_lorry.gif" hash="174e86e45e76e7008fa3510cefa85047"/><file name="fam_money.gif" hash="6996bad465222fb6487cab94b4607846"/><file name="fam_money_add.gif" hash="70ceed401fe9913305f2362f7e26225d"/><file name="fam_monitor.gif" hash="f3bc806ff9d0907320b03018ba2d00ea"/><file name="fam_newspaper.gif" hash="9e5fee06a543742045118a95f2debcb8"/><file name="fam_newspaper_delete.gif" hash="41acabfc19102be92d3ccbc66d1fede3"/><file name="fam_newspaper_error.gif" hash="009bfa425298e1d2e44e38e58cd97938"/><file name="fam_newspaper_go.gif" hash="eb43105f8e13e3a752d7ca33bb086831"/><file name="fam_package.gif" hash="bf9be09ef64d006455baa211b7c03983"/><file name="fam_package_go.gif" hash="e4f8d380c2f8e5a7345e360293433764"/><file name="fam_page_white.gif" hash="26940eb67826c5af72b6048c7c5a8335"/><file name="fam_page_white_edit.gif" hash="a4f88300b74ad592a5c47ed54ff07af9"/><file name="fam_rainbow.gif" hash="e8b04cc945b3582a181d4ddbc2d2325f"/><file name="fam_refresh.gif" hash="01bbef614023c0890812e76bc7ecf7e0"/><file name="fam_server_database.gif" hash="7901fa06ffd68ed730cf43bb560756fd"/><file name="fam_status_online.gif" hash="a80019ffa3a573f709772ed1099343fc"/><file name="fam_tag_orange.gif" hash="6ce735a0e590bda040b6e1614c42e58a"/><file name="fam_user.gif" hash="63bbdd6d9d7a27591907a7b87898e259"/><file name="fam_user_comment.gif" hash="014dfd31d9af40e3d5960b2b0d900da3"/><file name="fam_user_edit.gif" hash="f5b36e803060c6b82e639a4fad57b9f7"/><file name="filter_row_bg.gif" hash="013a0929a7b2ddc6823bdda17d08acc0"/><file name="footer_bg.gif" hash="7724711d3ca07a5e46a6030e86743a71"/><file name="gift-message-collapse.gif" hash="5b710f5faa9c7352a39c10e3ebbee6fc"/><file name="gift-message-expand.gif" hash="fd53a70cbb1ea048754657a63787e9cb"/><file name="gift-message-grid-column-bg.gif" hash="97a8a9b8cc4ab68e7404ccf1320f50a6"/><file name="grid-cal.gif" hash="b1468e5239504974c689eea5d93f86d4"/><file name="grid_sort_asc.gif" hash="b78c3a1a27ac9672a31b7d1bbac60322"/><file name="grid_sort_desc.gif" hash="d958b946eba3dba863d724530a0dba1a"/><file name="grid_th_bg.gif" hash="8f4349fac728858374e17edf03390977"/><file name="grid_th_onclick_bg.gif" hash="7bf331e2a41e5331c4210bdc6adc4383"/><file name="grouped_to_order_icon.png" hash="4bdae9a6199655027b8b8aeee8f80ce4"/><file name="header_bg.gif" hash="cbe510856afa5cb0c32642c1f9a8eceb"/><file name="header_top_bg.gif" hash="8440b04c5cb6b1451bb886bfbef260a5"/><file name="horiz_tabs_ul_bg.gif" hash="58dbd9c45f76993346c2bb788896248e"/><file name="i_notice.gif" hash="ebd56dc80b8346e10e93628bc0e6c372"/><file name="i_question-mark.png" hash="23201b7ac207eebd9be0776ea44098a4"/><file name="ico_success.gif" hash="0afb20898a704a106cb4c598868abf32"/><file name="icon-enabled.png" hash="5fa7c06b312cbea3675e844686e434af"/><file name="icon-tooltip.png" hash="5767601cd66b23d0b6fe8defc10dd48d"/><file name="icon_btn_add.gif" hash="7300097305b577ee564dc49102822d16"/><file name="icon_btn_back.gif" hash="89ed97cede3f68241446a62c96e3ce4c"/><file name="icon_btn_delete.gif" hash="dbde0b76d36cfd624bf0de166d0a265e"/><file name="icon_btn_save.gif" hash="f5da95ac65efff5f5cf9c8830202764d"/><file name="icon_edit_address.gif" hash="d1ca2bb3a5c86afd379f25d9fc4352e3"/><file name="icon_export.gif" hash="9a13f20c6a17b41b9c357545c2da5636"/><file name="icon_export.png" hash="fb299dd13df666516eabe16f59193383"/><file name="icon_feed.gif" hash="0366583ed6e285d028442fcdebb05072"/><file name="icon_feed.png" hash="8537f6f88fcff4aac793247143d14e42"/><file name="icon_note_list.gif" hash="8d25ba225ca09b687a78bff510df5d10"/><file name="icon_remove_address.gif" hash="2de2b3d02c19adfb93e9e43a392db178"/><file name="login_box_bg.gif" hash="e4654826eaa8d5ebc0ab18e9bee71e1d"/><file name="login_box_bg.jpg" hash="404e37f4ee9f4ff9bfcb638741c7581d"/><file name="login_box_bg_auth.jpg" hash="d90a81db1064ec37b0cc92436725c24b"/><file name="login_box_bottom.jpg" hash="038f15261e74bc381484f2fcfa45a73b"/><file name="login_box_legal_bg.gif" hash="528ac4dd480c4fc00ac808bf17394c05"/><file name="login_logo.gif" hash="9cc90e7aa1210883000fe5319862ce14"/><file name="logo-large.gif" hash="5c77654c424b0a35cc24d28df5166dc4"/><file name="logo.gif" hash="c7e9f290d965f707e4c4a61bfdab58cb"/><file name="massaction_bg.gif" hash="8b5f4db3ab3ea09cd5bd0164d67c4f0d"/><file name="massaction_button_bg.gif" hash="4c8262817e48d007237124ce0e7f4d18"/><file name="massaction_links_delimiter.gif" hash="9a0337183b5b67c0eed75993d7f14d10"/><file name="middle_bg.gif" hash="ba4f176d2c553201ebab4aba5c6d3d20"/><file name="more_arrow.gif" hash="38bb4c0e9270250151486d0bb36c476f"/><file name="nav1_active.gif" hash="a7f9ec7689a65c6b796f0d9b97582d01"/><file name="nav1_bg.gif" hash="a1d4ef5b590ce0a425dc04e45ed06cbe"/><file name="nav1_off.gif" hash="5286cbd5ac9ec1b6c027d5b48a74bdab"/><file name="nav1_on.gif" hash="a7f9ec7689a65c6b796f0d9b97582d01"/><file name="nav1_over.gif" hash="2c70d6175f1c965c27dda0598a67e63c"/><file name="nav1_sep.gif" hash="5286cbd5ac9ec1b6c027d5b48a74bdab"/><file name="nav2_last_li_bg.png" hash="279935c9799679fc5894337eaabc7cf0"/><file name="nav2_last_li_over_bg.png" hash="39536f00824293d11242888a76f40a5f"/><file name="nav2_li_bg.gif" hash="0a4f34b0e4436c519d31203f19503b83"/><file name="nav2_li_bg.png" hash="2fad219d162324e9a19f2745d5b6d562"/><file name="nav2_li_over_bg.png" hash="dc37c4a4aab40ea2ae44dea5ea133a9d"/><file name="nav2_link_bg.gif" hash="dce00ddad351e72e83bc87274cbaa54a"/><file name="nav2_parent_arrow.gif" hash="60e012a14a077bd2257343facc369c0c"/><file name="nav3_bg.png" hash="2bc7af80ad8886013da38401b63ab6df"/><file name="nav_bg.gif" hash="1b857c7d35f35ef9f6cae9e03a4e3dff"/><file name="nav_list_bg.gif" hash="7a4e2bdb887c12d8a1152bbcc8c02a3c"/><file name="nav_nest_link_bg.gif" hash="1d0c6b374bf02ac4b5aa012955c431de"/><file name="nav_nest_link_over_bg.gif" hash="fae3c579a4d432503b1f4f929d070609"/><file name="nav_on_bg.gif" hash="ac624b580cae5a76f6c92abc5a44191d"/><file name="nav_parent_arrow.gif" hash="3a95559263e569dc1c8065cb2d9b3f2c"/><file name="note_bg.gif" hash="105967d7c15ab4610726eea52d862a97"/><file name="note_cell_bg.gif" hash="71e656d42f8ba8c2d477c6866c499b71"/><file name="note_msg_icon.gif" hash="e774ee481a2820789c1a77112377c4e0"/><file name="notice-msg.png" hash="9cd1dfebccec8a2123d543fa49b17bd7"/><file name="pager_arrow_left.gif" hash="6e44f608dac8eb8be1d1ebee5a3285aa"/><file name="pager_arrow_left_off.gif" hash="30f5e56195ab3546b36f4016db5254be"/><file name="pager_arrow_right.gif" hash="cc79526156b7e0c8abce61fad3d53f77"/><file name="pager_arrow_right_off.gif" hash="f01b7dad9acf0180b5c62edbd7ea9939"/><dir name="paypal"><file name="logo-paypal.png" hash="d032551b47e48dced277c4fa344ac7f6"/><file name="pp-allinone.png" hash="c457fe4bfe28a18c90d0abd36fe3f880"/><file name="pp-alt.png" hash="c262d332b342a2f4063cd82a61d11107"/><file name="pp-gateways.png" hash="90acb72c2f46fa131351efe0492d52cf"/><file name="pp-uk.png" hash="e0830ccb14533051b8b0340471744228"/></dir><file name="paypal_logo.gif" hash="871e205a64292121f4c893373acfb581"/><file name="paypal_section.png" hash="d032551b47e48dced277c4fa344ac7f6"/><file name="paypal_tick.gif" hash="e8685c1fb7c4c106ae4fd24e9bbf5a27"/><dir name="placeholder"><file name="thumbnail.jpg" hash="5c73b5aa515b1719f7b398f5131f91a8"/></dir><file name="process_spinner.gif" hash="345b30b4d0b6088d0151ecfbdf48c036"/><file name="product_rating_blank_star.gif" hash="5e20a299c0ff16168be38b6dde580eda"/><file name="product_rating_full_star.gif" hash="dd5aae332178d928a7f49dea7691b5f6"/><file name="reload.png" hash="84cc4883f78ef850814ea9b53989b2a7"/><file name="rule-ajax-loader.gif" hash="32dc1f5901143d36fbd7a6df3950819f"/><file name="rule_chooser_trigger.gif" hash="9c498e789c3ce734f5301c2475e2a04c"/><file name="rule_component_add.gif" hash="7914e57701ca26f5c8bf23c6bc3e1f25"/><file name="rule_component_apply.gif" hash="3f9b9025551da6963a9ecf8d184a204a"/><file name="rule_component_remove.gif" hash="4d785bcecfbe716fa4d749d20738a8f0"/><file name="save_btn_icon.gif" hash="f5da95ac65efff5f5cf9c8830202764d"/><file name="sec_nav_bg.gif" hash="99c6741591cdb2a2a128668a1d32d668"/><file name="section_menu_bg.gif" hash="f9edd44c92743a0c9ae9535a7992d6b1"/><file name="section_menu_bottom.gif" hash="167d2ef46ff80158c807b4b916501b28"/><file name="section_menu_link_bg.gif" hash="bcabd4fea0d67b181f21779564c2284b"/><file name="section_menu_link_over_bg.gif" hash="7da7e56567633aab279cf3aec6f49d8d"/><file name="section_menu_over_span_bg.gif" hash="f5ea5292f15ed62b99f0f51d9fff2c66"/><file name="section_menu_span_bg.gif" hash="dbf3916358e794ee809b4cf33903af2c"/><file name="section_menu_ul_bg.gif" hash="3aea6e5452f548438ca34e17954a9d6b"/><file name="side_col_bg.gif" hash="b3691fd62663457af39eaf71dd8cda5a"/><file name="simple_container_bg.gif" hash="56f1ac91169eb4896b8c91384fc8bf15"/><file name="sort-arrow-down.gif" hash="fc2cd9f756ce510c4470478d720f81cd"/><file name="sort-arrow-down.png" hash="dc65160d9d4d6cdd6bfe1b397a931975"/><file name="sort-arrow-up.gif" hash="39026b0ff1f0c18091caa60384491163"/><file name="sort-arrow-up.png" hash="da54e5306bdce67551aa415f5d7f7ea7"/><file name="sort_heading_bg.gif" hash="6066d09f237f556b0a4770e4788e7598"/><file name="sort_on_bg.gif" hash="0cb36788ed4fbf19e657acbc75a3f1b8"/><file name="sort_row_bg.gif" hash="f2e1c5cb26b9f5211419b99d30745244"/><file name="spacer.gif" hash="df3e567d6f16d040326c7a0ea29a4f41"/><file name="sub_button_bg.gif" hash="e3f66dd60510f9f7e937e2e55442c30a"/><file name="success-msg.png" hash="c64cb2acc3d0eeba48fdea83620913ed"/><file name="success_msg_icon.gif" hash="834dfafd5f8b44c4b24a4c00add56fcf"/><file name="tabs_link_bg.gif" hash="34447929f5e6591ba9b5795b983fdfd4"/><file name="tabs_link_over_bg.gif" hash="2cf3f56884096055fb0bdf9474f280c9"/><file name="tabs_span_bg.gif" hash="bcabd4fea0d67b181f21779564c2284b"/><file name="tag_blue_edit.gif" hash="b2163ac3baf7d822b48593342846645a"/><file name="tn_cancel_bg.gif" hash="fcb3506858fcfa8d1778b0683dc89f54"/><file name="tooltip_bg.gif" hash="0aa4b866fc067a75f27ab749c1dabf74"/><file name="tooltip_corner.gif" hash="71146534671d5e0751505640b7c59859"/><file name="tooltip_top.gif" hash="032ff52a6ff5714cbdf6c1f62abaf7e5"/><dir name="tree_icons"><file name="join.gif" hash="4d5d614e0da056df815a4306d6368692"/><file name="joinbottom.gif" hash="4b3daa7f2cc584f1aac0d142275d7cba"/><file name="line.gif" hash="63ab38a6203262f15ca46c631232ea2c"/><file name="minus.gif" hash="d647fbbd0ec410b8f3bb3357b62eedcf"/><file name="minusbottom.gif" hash="b09d684cca7135ef728141aaf2464baa"/><file name="nolines_minus.gif" hash="eb2243a354ffcfac93ba0fe948f7167d"/><file name="nolines_plus.gif" hash="ec92b634b63608fb4b0dbf114e3b89e1"/></dir><file name="validation_advice_bg.gif" hash="b85432906de8985a8b14eeb2dc652d3c"/><file name="varien_logo.gif" hash="6f10d0fe572cb012947c164217e9e428"/><file name="warning_msg_icon.gif" hash="4cf6ec7f59ab09f9c18b3a4301714c6d"/><dir name="widget"><file name="catalog__category_widget_link.gif" hash="8435943009f1f774bbd6a4809c719eb8"/><file name="catalog__product_widget_link.gif" hash="62f2d7020143f98ba7514469eb612a7f"/><file name="catalog__product_widget_new.gif" hash="37a5af9f98ae73e180ad0cca05c95324"/><file name="cms__widget_block.gif" hash="b7b0b1517cc38b18b92841b33b312190"/><file name="cms__widget_page_link.gif" hash="b839dee210e61850a5858cc8634cbccd"/><file name="default.gif" hash="684143ae5531aa6ba22215f4fadeea6c"/><file name="reports__product_widget_compared.gif" hash="bd3e5a5015eb2c5c64f1d11835166dc4"/><file name="reports__product_widget_viewed.gif" hash="44d5cd71e4fb7235f9cff0c7e2b2f531"/></dir><file name="widget_placeholder.gif" hash="2bd8d72cf12f8d7d0a6a3268f97786ff"/><file name="window_close.png" hash="3af14f053f360bf31f8ba2df73ec7f1e"/><file name="window_content.png" hash="08361df29783d46a2493cf0d8ad733a7"/><file name="window_top.png" hash="555a8db5efa3a252c2ead3d3dadd1075"/><dir name="wysiwyg"><file name="skin_image.png" hash="a521b0c60b001de4a3405e73c4a6cd4a"/></dir></dir><dir name="lib"><dir name="prototype"><dir name="windows"><dir name="themes"><dir name="magento"><file name="btn_bg.gif" hash="37c51a4d48a92da9648dcd3ca011039f"/><file name="content_bg.gif" hash="21278ea0da2d4256f4ced96b6080ba2e"/><file name="top_bg.gif" hash="26f28090de87d64f9b01bf624f89bfe2"/><file name="window_close.png" hash="3af14f053f360bf31f8ba2df73ec7f1e"/></dir><file name="magento.css" hash="a0b153cee7655dad31ee2923657cc08a"/></dir></dir></dir></dir><dir name="media"><file name="editor.swf" hash="259afd515d7b2edee76f67973fea95a6"/><file name="flex.swf" hash="60a8c242ca2ff0e70ed9a038749f4cc1"/><file name="uploader.swf" hash="1c300001dadd932ef6e33a2fadf941e1"/><file name="uploaderSingle.swf" hash="304dd960698c5786dcd64b0e138f80ca"/></dir><file name="menu.css" hash="6f39c760b70b8250c193c5311885193a"/><file name="oauth-simple.css" hash="c8ba6fccc85ce28f4360b10b5b59adb9"/><file name="print.css" hash="db77a54f0e6a7146cad6566eb200a0d5"/><file name="reset.css" hash="d45948716e2dd828a40715b9a43e2115"/></dir></dir></dir></target></contents>
    <compatible/>
    <dependencies><required><php><min>5.2.0</min><max>6.0.0</max></php><package><name>Mage_Core_Adminhtml</name><channel>community</channel><min>1.8.1.0</min><max>1.9.0.0</max></package><package><name>Lib_Js_Ext</name><channel>community</channel><min>1.7.0.0</min><max>1.8.1.0</max></package></required></dependencies>
</package>
