<?xml version="1.0"?>
<package>
    <name>Mage_Locale_en_US</name>
    <version>1.8.1.0</version>
    <stability>stable</stability>
    <license uri="http://opensource.org/licenses/osl-3.0.php">OSL v3.0</license>
    <channel>community</channel>
    <extends/>
    <summary>en_US locale</summary>
    <description>en_US locale</description>
    <notes>1.8.1.0</notes>
    <authors><author><name>Magento Core Team</name><user>core</user><email>core@magentocommerce.com</email></author></authors>
    <date>2013-11-22</date>
    <time>04:17:07</time>
    <contents><target name="magelocale"><dir name="en_US"><file name="Mage_AdminNotification.csv" hash="e240a88785e337747afb4d0bc83ccaba"/><file name="Mage_AmazonPayments.csv" hash="00494825779e0ae3f0db0abd30e666b7"/><file name="Mage_Api.csv" hash="5a8919e82128dbd894c8f22c8238384d"/><file name="Mage_Api2.csv" hash="bc4b31da02edb34d29274da37a0a0f60"/><file name="Mage_Authorizenet.csv" hash="56def78c56270d23b57c1c17d3304288"/><file name="Mage_Backup.csv" hash="7fb40353a4c161de2a92edd8dcb35587"/><file name="Mage_Bundle.csv" hash="20666ebd929c9b87aa6c6ebe05b3a599"/><file name="Mage_Captcha.csv" hash="de6aef08396245ed644b213ecfcf309b"/><file name="Mage_Catalog.csv" hash="847afe1d7b67e481f25e5afc3bfc06fe"/><file name="Mage_CatalogInventory.csv" hash="969014c8d71762ac5b9ed41c08412258"/><file name="Mage_CatalogRule.csv" hash="7b7d6ad17c61efa14ade33c0fb443d36"/><file name="Mage_CatalogSearch.csv" hash="9d822bca8067087dabe1d213193a2def"/><file name="Mage_Checkout.csv" hash="f6c6767b40c2f70912d09c0c6c68f453"/><file name="Mage_Cms.csv" hash="9a538e344acce7afa686fbed65082c63"/><file name="Mage_Connect.csv" hash="8cd1b22e3bb2b18a59b6bfb6a7e4e7f9"/><file name="Mage_Contacts.csv" hash="7e367e9a924c19b6df2fa5c8adca9be4"/><file name="Mage_Core.csv" hash="426b99818aceb513f12b233a6797aa9b"/><file name="Mage_Cron.csv" hash="e5803e0da7c568134db4864b8eb55f22"/><file name="Mage_CurrencySymbol.csv" hash="2cc13530e2f9387349c6a162d4d22bc9"/><file name="Mage_Customer.csv" hash="6c8628de9013ac6c2ef86623e1554ba2"/><file name="Mage_Dataflow.csv" hash="02ddb4090005e6678f020ac96c2cbe81"/><file name="Mage_Directory.csv" hash="615c41b2941e20bb118ebd41b862b934"/><file name="Mage_Downloadable.csv" hash="a6e6779b14563a09a8dd23e8ed20e418"/><file name="Mage_Eav.csv" hash="9b9e7506f519e45f5a9b44355425f04b"/><file name="Mage_GiftMessage.csv" hash="6cd672267af7f7183f47c58450c2779a"/><file name="Mage_GoogleAnalytics.csv" hash="c71e996ad7feb3c33dc4b0077795731e"/><file name="Mage_GoogleBase.csv" hash="453420e7b2a7c67d983436cd07c3f1c1"/><file name="Mage_GoogleCheckout.csv" hash="218bdb6351129bc11f5fbb7abeff7e18"/><file name="Mage_ImportExport.csv" hash="cd3f58a3c62c800910e5eada1ec8e90f"/><file name="Mage_Index.csv" hash="a12d6e56dec19a45380375e7ea3f7a7c"/><file name="Mage_Install.csv" hash="ff1231e1db62fc550cac4674d0ba5190"/><file name="Mage_Log.csv" hash="671884c4618da93ca90d2d92404b6247"/><file name="Mage_Media.csv" hash="234187a0e1b83a03cb911452a4637357"/><file name="Mage_Newsletter.csv" hash="0b3f84564b496b40b47221f197d494d9"/><file name="Mage_Oauth.csv" hash="2f7bcd1ac430fe5de83a9af3a1ac8adf"/><file name="Mage_Page.csv" hash="fcce720263bf2fb11b78a467b297545d"/><file name="Mage_PageCache.csv" hash="4bd38621bb26a02a15251fcb37e1408b"/><file name="Mage_Paygate.csv" hash="311566b283975d5c481046346023026b"/><file name="Mage_Payment.csv" hash="5a0878ac6aa54689b3a8687197149c69"/><file name="Mage_Paypal.csv" hash="fe73439970f6d806c0ed0e0da05b6b51"/><file name="Mage_PaypalUk.csv" hash="d9d163d9c022d37e6bef2bf231469572"/><file name="Mage_Persistent.csv" hash="f84928d5a080bbfbb68f5becd12829c8"/><file name="Mage_Poll.csv" hash="01084dbcb43b1da9de35c5730fabd692"/><file name="Mage_ProductAlert.csv" hash="8ceb95248eeb2e4611d01767a7331840"/><file name="Mage_Rating.csv" hash="88db484c67afdb565255d210044bd034"/><file name="Mage_Reports.csv" hash="98f1525c2101c8557af6118e2dd48822"/><file name="Mage_Review.csv" hash="fd1b38a4863896e7112f642de243fdb8"/><file name="Mage_Rss.csv" hash="f99bd663f6b7becac87c8be1720f14b3"/><file name="Mage_Rule.csv" hash="0b655f98a5c7e98f672fcd04395c9a93"/><file name="Mage_Sales.csv" hash="f1b7dbe7bc3f7900683b3f2a2ba97b94"/><file name="Mage_SalesRule.csv" hash="9e6fbd2421b33de74d74fa9b4b8ede6b"/><file name="Mage_Sendfriend.csv" hash="b1e310cf2fdaf674de1e7604826146e9"/><file name="Mage_Shipping.csv" hash="136d55ce3ccf70bc2a1c7412085b40bc"/><file name="Mage_Sitemap.csv" hash="4837691c0e5c8cfbc4d75b10f196eb65"/><file name="Mage_Tag.csv" hash="211c99ac80a4b4e02b40a9907a4bc89a"/><file name="Mage_Tax.csv" hash="f5ec0e9f02d679d3600baf481a27b406"/><file name="Mage_Usa.csv" hash="518304e522d8d33e7fec565c7716bcba"/><file name="Mage_Weee.csv" hash="24bf654bb76513299a5cd227fed63f4a"/><file name="Mage_Widget.csv" hash="70a76519c347dd8f4209cb3dac849fe6"/><file name="Mage_Wishlist.csv" hash="8a27b7a9df533dc68f8f1df4338890fb"/><dir name="template"><dir name="email"><file name="account_new.html" hash="8d252c5b90acb75b02faab0325e68aed"/><file name="account_new_confirmation.html" hash="46a81d771b81c580872c15937a2f5fdd"/><file name="account_new_confirmed.html" hash="83e4c39f5d47cf4636ed8a5bca07e314"/><file name="account_password_reset_confirmation.html" hash="c811155d0c69f339b9a558dceb3c668a"/><file name="admin_password_new.html" hash="d2f3c73cb712d60da9384f1c5bfd31c0"/><file name="admin_password_reset_confirmation.html" hash="9e5c2fd7e57dcd19749cf27a9b41a9f4"/><file name="contact_form.html" hash="e04255e76e6e2d35f40d90ec5571d7e1"/><file name="currency_update_warning.html" hash="f6a4e8139468995c6561a12cd6cff860"/><file name="log_clean_warning.html" hash="0bd6a39803f8aa2eb46d6c110d8d0056"/><file name="newsletter_subscr_confirm.html" hash="f27b517857ba599274220a2f99384d89"/><file name="newsletter_subscr_success.html" hash="9179d85d345e2f2f48c13dd2578ddedd"/><file name="newsletter_unsub_success.html" hash="62704732a3ac8d6972949e17ee02ec79"/><file name="password_new.html" hash="696f240e0a22541d6e07f133fd16edab"/><file name="payment_failed.html" hash="977ad836e9fc377283c0efc820772105"/><file name="product_alert_cron_error.html" hash="edd49272b0b793941cd7138b253ae1b1"/><file name="product_price_alert.html" hash="4e881231e7e4acc729f3a74d7a29b6a8"/><file name="product_share.html" hash="151bc4ccbf64646abc917302c43a3b8f"/><file name="product_stock_alert.html" hash="1d90357122b3a4a86b17ae006b7993df"/><dir name="sales"><file name="creditmemo_new.html" hash="5038d00d70f8e1f19af7be32cb4f48ec"/><file name="creditmemo_new_guest.html" hash="0ab9b3502f83e2d3dca9f86b15377293"/><file name="creditmemo_update.html" hash="96b7addb6e2fed20ac0b10e30de79c5d"/><file name="creditmemo_update_guest.html" hash="3187860fe86c3afafa8994f274a4da20"/><file name="invoice_new.html" hash="e5774ea61dfa2bd89bb39d56c1a2c805"/><file name="invoice_new_guest.html" hash="f36ee8f3fff3af812b6e4d3455db46c2"/><file name="invoice_update.html" hash="57a58cf5aedff8339b75cb6938c81347"/><file name="invoice_update_guest.html" hash="39de992acddb54e9853d9cfca0ae042d"/><file name="order_new.html" hash="cc64b39d5b998807aae6463fa30998ca"/><file name="order_new_guest.html" hash="e0112ec1ec0423d7aeae9bb15babf697"/><file name="order_update.html" hash="aab9710b137a65a63a35421ae50db29f"/><file name="order_update_guest.html" hash="685614e83fc56c309bfbc3800ac5105b"/><file name="shipment_new.html" hash="bd6091f6080f7387e81989b6c3d44a0d"/><file name="shipment_new_guest.html" hash="6089497419c11440207ad092d9c8ae49"/><file name="shipment_update.html" hash="b6e286b85551f71d53ca54d82f52b92d"/><file name="shipment_update_guest.html" hash="46094d88f821f7c59dc9a7c9e2c779bc"/></dir><file name="sitemap_generate_warning.html" hash="d9c1ebf086e2f12dac31b18ab964daaa"/><file name="token.html" hash="cfb371e5b768794f096cb20e01c01f99"/><file name="wishlist_share.html" hash="f17e23109ee21989fb369975f76a3d86"/></dir></dir></dir></target></contents>
    <compatible/>
    <dependencies><required><php><min>5.2.0</min><max>6.0.0</max></php></required></dependencies>
</package>
